DELETE FROM answers WHERE attempt_id IN (SELECT id FROM attempts WHERE exam_id = 'exam_001');
DELETE FROM attempts WHERE exam_id = 'exam_001';
DELETE FROM exam_questions WHERE exam_id = 'exam_001';
DELETE FROM exams WHERE id = 'exam_001';
DELETE FROM questions WHERE bank_id IN ('bank_001', 'bank-math-10', 'bank-mn-10', 'bank-physics-10');
DELETE FROM question_banks WHERE id IN ('bank_001', 'bank-math-10', 'bank-mn-10', 'bank-physics-10');

INSERT INTO question_banks (id, title, description, subject, owner_id, created_at)
VALUES
  ('bank-math-10', '10-р ангийн математикийн шалгалтын сан', 'Алгебр, функц, геометр, тригонометрийн сэдвүүдийг хамарсан 50 асуулттай mock сан.', 'Математик', 'user_teacher_001', '2026-03-25T00:00:00.000Z'),
  ('bank-mn-10', '10-р ангийн монгол хэлний шалгалтын сан', 'Үг зүй, өгүүлбэр зүй, найруулга, уншлага ойлголтын 50 асуулттай mock сан.', 'Монгол хэл', 'user_teacher_001', '2026-03-25T00:01:00.000Z'),
  ('bank-physics-10', '10-р ангийн физикийн шалгалтын сан', 'Механик, динамик, энерги, цахилгаан, гэрлийн сэдвүүдтэй 50 асуулттай mock сан.', 'Физик', 'user_teacher_001', '2026-03-25T00:02:00.000Z');

INSERT INTO questions (
  id,
  bank_id,
  type,
  title,
  prompt,
  options_json,
  correct_answer,
  difficulty,
  tags_json,
  created_by_id,
  created_at
)
VALUES
  ('math-10-tf-1', 'bank-math-10', 'TRUE_FALSE', 'Алгебр', 'y = 2x + 3 функц нь шугаман функц мөн.', '["Үнэн","Худал"]', 'Үнэн', 'EASY', '["Математик","Алгебр","10-р анги"]', 'user_teacher_001', '2026-03-25T00:00:00.000Z'),
  ('math-10-tf-2', 'bank-math-10', 'TRUE_FALSE', 'Алгебр', 'Квадрат тэгшитгэл заавал хоёр ялгаатай бодит шийдтэй байдаг.', '["Үнэн","Худал"]', 'Худал', 'EASY', '["Математик","Алгебр","10-р анги"]', 'user_teacher_001', '2026-03-25T00:01:00.000Z'),
  ('math-10-tf-3', 'bank-math-10', 'TRUE_FALSE', 'Функц', 'f(x) = x² функцийн график нь парабол байна.', '["Үнэн","Худал"]', 'Үнэн', 'EASY', '["Математик","Функц","10-р анги"]', 'user_teacher_001', '2026-03-25T00:02:00.000Z'),
  ('math-10-tf-4', 'bank-math-10', 'TRUE_FALSE', 'Илэрхийлэл', 'sqrt(49) = ±7 гэж бичих нь зөв.', '["Үнэн","Худал"]', 'Худал', 'EASY', '["Математик","Илэрхийлэл","10-р анги"]', 'user_teacher_001', '2026-03-25T00:03:00.000Z'),
  ('math-10-tf-5', 'bank-math-10', 'TRUE_FALSE', 'Тригонометр', 'sin 30° = 1/2.', '["Үнэн","Худал"]', 'Үнэн', 'EASY', '["Математик","Тригонометр","10-р анги"]', 'user_teacher_001', '2026-03-25T00:04:00.000Z'),
  ('math-10-tf-6', 'bank-math-10', 'TRUE_FALSE', 'Тригонометр', 'cos 90° = 1.', '["Үнэн","Худал"]', 'Худал', 'EASY', '["Математик","Тригонометр","10-р анги"]', 'user_teacher_001', '2026-03-25T00:05:00.000Z'),
  ('math-10-tf-7', 'bank-math-10', 'TRUE_FALSE', 'Магадлал', 'Магадлалын утга 0-оос 1-ийн хооронд байна.', '["Үнэн","Худал"]', 'Үнэн', 'EASY', '["Математик","Магадлал","10-р анги"]', 'user_teacher_001', '2026-03-25T00:06:00.000Z'),
  ('math-10-tf-8', 'bank-math-10', 'TRUE_FALSE', 'Геометр', 'Гурвалжны дотоод өнцгүүдийн нийлбэр 360° байна.', '["Үнэн","Худал"]', 'Худал', 'EASY', '["Математик","Геометр","10-р анги"]', 'user_teacher_001', '2026-03-25T00:07:00.000Z'),
  ('math-10-tf-9', 'bank-math-10', 'TRUE_FALSE', 'Логарифм', 'log10 100 = 2.', '["Үнэн","Худал"]', 'Үнэн', 'EASY', '["Математик","Логарифм","10-р анги"]', 'user_teacher_001', '2026-03-25T00:08:00.000Z'),
  ('math-10-tf-10', 'bank-math-10', 'TRUE_FALSE', 'Вектор', 'Тэг векторын урт 1-тэй тэнцүү.', '["Үнэн","Худал"]', 'Худал', 'EASY', '["Математик","Вектор","10-р анги"]', 'user_teacher_001', '2026-03-25T00:09:00.000Z'),
  ('math-10-mc-1', 'bank-math-10', 'MCQ', 'Алгебр', '2x + 5 = 17 тэгшитгэлийн шийдийг ол.', '["x = 5","x = 6","x = 7","x = 8"]', 'x = 6', 'EASY', '["Математик","Алгебр","10-р анги"]', 'user_teacher_001', '2026-03-25T00:10:00.000Z'),
  ('math-10-mc-2', 'bank-math-10', 'MCQ', 'Алгебр', 'x² - 9 = 0 тэгшитгэлийн нэг шийд аль нь вэ?', '["x = 0","x = 2","x = 3","x = 9"]', 'x = 3', 'EASY', '["Математик","Алгебр","10-р анги"]', 'user_teacher_001', '2026-03-25T00:11:00.000Z'),
  ('math-10-mc-3', 'bank-math-10', 'MCQ', 'Илэрхийлэл', '(a + b)² илэрхийллийг зөв задласан нь аль вэ?', '["a² + b²","a² + 2ab + b²","2a² + 2b²","a² - 2ab + b²"]', 'a² + 2ab + b²', 'MEDIUM', '["Математик","Илэрхийлэл","10-р анги"]', 'user_teacher_001', '2026-03-25T00:12:00.000Z'),
  ('math-10-mc-4', 'bank-math-10', 'MCQ', 'Функц', 'f(x) = 3x - 4 үед f(2)-ийн утгыг ол.', '["2","3","4","5"]', '2', 'EASY', '["Математик","Функц","10-р анги"]', 'user_teacher_001', '2026-03-25T00:13:00.000Z'),
  ('math-10-mc-5', 'bank-math-10', 'MCQ', 'Функц', 'y = x² + 1 функцийн орой цэг аль нь вэ?', '["(0, 1)","(1, 0)","(-1, 0)","(0, -1)"]', '(0, 1)', 'MEDIUM', '["Математик","Функц","10-р анги"]', 'user_teacher_001', '2026-03-25T00:14:00.000Z'),
  ('math-10-mc-6', 'bank-math-10', 'MCQ', 'Геометр', 'Тэгш өнцөгт гурвалжинд Пифагорын теорем аль хэлбэрээр зөв бичигдэх вэ?', '["a + b = c","a² + b² = c²","a² - b² = c²","2ab = c²"]', 'a² + b² = c²', 'MEDIUM', '["Математик","Геометр","10-р анги"]', 'user_teacher_001', '2026-03-25T00:15:00.000Z'),
  ('math-10-mc-7', 'bank-math-10', 'MCQ', 'Геометр', 'Радиус нь 7 см тойргийн диаметр хэд вэ?', '["7 см","14 см","21 см","49 см"]', '14 см', 'EASY', '["Математик","Геометр","10-р анги"]', 'user_teacher_001', '2026-03-25T00:16:00.000Z'),
  ('math-10-mc-8', 'bank-math-10', 'MCQ', 'Тригонометр', 'sin 90° хэдтэй тэнцүү вэ?', '["0","1/2","1","-1"]', '1', 'EASY', '["Математик","Тригонометр","10-р анги"]', 'user_teacher_001', '2026-03-25T00:17:00.000Z'),
  ('math-10-mc-9', 'bank-math-10', 'MCQ', 'Тригонометр', 'cos 0° хэдтэй тэнцүү вэ?', '["0","1","-1","1/2"]', '1', 'EASY', '["Математик","Тригонометр","10-р анги"]', 'user_teacher_001', '2026-03-25T00:18:00.000Z'),
  ('math-10-mc-10', 'bank-math-10', 'MCQ', 'Магадлал', 'Шударга зоос нэг шидэхэд сүлд гарах магадлал хэд вэ?', '["1/4","1/3","1/2","1"]', '1/2', 'EASY', '["Математик","Магадлал","10-р анги"]', 'user_teacher_001', '2026-03-25T00:19:00.000Z'),
  ('math-10-mc-11', 'bank-math-10', 'MCQ', 'Статистик', '2, 4, 6, 8 тоонуудын арифметик дундаж хэд вэ?', '["4","5","6","7"]', '5', 'EASY', '["Математик","Статистик","10-р анги"]', 'user_teacher_001', '2026-03-25T00:20:00.000Z'),
  ('math-10-mc-12', 'bank-math-10', 'MCQ', 'Логарифм', 'log2 8 хэд вэ?', '["2","3","4","8"]', '3', 'MEDIUM', '["Математик","Логарифм","10-р анги"]', 'user_teacher_001', '2026-03-25T00:21:00.000Z'),
  ('math-10-mc-13', 'bank-math-10', 'MCQ', 'Илэрхийлэл', 'sqrt(81)-ийн утгыг ол.', '["7","8","9","18"]', '9', 'EASY', '["Математик","Илэрхийлэл","10-р анги"]', 'user_teacher_001', '2026-03-25T00:22:00.000Z'),
  ('math-10-mc-14', 'bank-math-10', 'MCQ', 'Тэгшитгэл', '3(x - 2) = 12 тэгшитгэлийн шийд аль нь вэ?', '["x = 2","x = 4","x = 6","x = 8"]', 'x = 6', 'EASY', '["Математик","Тэгшитгэл","10-р анги"]', 'user_teacher_001', '2026-03-25T00:23:00.000Z'),
  ('math-10-mc-15', 'bank-math-10', 'MCQ', 'Функц', 'Шугаман функцийн ерөнхий хэлбэр аль нь вэ?', '["ax² + bx + c","ax + b","a/x","a^x"]', 'ax + b', 'MEDIUM', '["Математик","Функц","10-р анги"]', 'user_teacher_001', '2026-03-25T00:24:00.000Z'),
  ('math-10-mc-16', 'bank-math-10', 'MCQ', 'Геометр', 'Квадратын тал 5 см бол талбай хэд вэ?', '["10 см²","20 см²","25 см²","30 см²"]', '25 см²', 'EASY', '["Математик","Геометр","10-р анги"]', 'user_teacher_001', '2026-03-25T00:25:00.000Z'),
  ('math-10-mc-17', 'bank-math-10', 'MCQ', 'Геометр', 'Тэгш өнцөгтийн урт 8 см, өргөн 3 см бол периметр хэд вэ?', '["11 см","22 см","24 см","16 см"]', '22 см', 'EASY', '["Математик","Геометр","10-р анги"]', 'user_teacher_001', '2026-03-25T00:26:00.000Z'),
  ('math-10-mc-18', 'bank-math-10', 'MCQ', 'Тригонометр', 'tan 45° хэдтэй тэнцүү вэ?', '["0","1","sqrt(3)","1/2"]', '1', 'MEDIUM', '["Математик","Тригонометр","10-р анги"]', 'user_teacher_001', '2026-03-25T00:27:00.000Z'),
  ('math-10-mc-19', 'bank-math-10', 'MCQ', 'Магадлал', '1-ээс 6 хүртэл тоотой шоог нэг шидэхэд тэгш тоо гарах магадлал хэд вэ?', '["1/6","1/3","1/2","2/3"]', '1/2', 'MEDIUM', '["Математик","Магадлал","10-р анги"]', 'user_teacher_001', '2026-03-25T00:28:00.000Z'),
  ('math-10-mc-20', 'bank-math-10', 'MCQ', 'Вектор', 'Векторын уртыг өөрөөр юу гэж нэрлэдэг вэ?', '["Өнцөг","Модуль","Координат","Скаляр"]', 'Модуль', 'MEDIUM', '["Математик","Вектор","10-р анги"]', 'user_teacher_001', '2026-03-25T00:29:00.000Z'),
  ('math-10-mc-21', 'bank-math-10', 'MCQ', 'Дараалал', '2, 5, 8, 11, ... дарааллын ялгавар хэд вэ?', '["2","3","4","5"]', '3', 'MEDIUM', '["Математик","Дараалал","10-р анги"]', 'user_teacher_001', '2026-03-25T00:30:00.000Z'),
  ('math-10-mc-22', 'bank-math-10', 'MCQ', 'Тэгш бус', 'x > 3 нөхцөлийг хангах тоо аль нь вэ?', '["1","2","3","4"]', '4', 'EASY', '["Математик","Тэгш бус","10-р анги"]', 'user_teacher_001', '2026-03-25T00:31:00.000Z'),
  ('math-10-mc-23', 'bank-math-10', 'MCQ', 'Процент', '200-ийн 15% хэд вэ?', '["15","20","25","30"]', '30', 'MEDIUM', '["Математик","Процент","10-р анги"]', 'user_teacher_001', '2026-03-25T00:32:00.000Z'),
  ('math-10-mc-24', 'bank-math-10', 'MCQ', 'Харьцаа', '6:9 харьцааг хамгийн энгийн хэлбэрт оруулбал аль нь вэ?', '["1:2","2:3","3:4","6:3"]', '2:3', 'EASY', '["Математик","Харьцаа","10-р анги"]', 'user_teacher_001', '2026-03-25T00:33:00.000Z'),
  ('math-10-st-1', 'bank-math-10', 'SHORT_ANSWER', 'Алгебр', 'x² - 5x + 6 = 0 тэгшитгэлийн хоёр шийдийг бич.', '[]', 'x = 2, x = 3', 'MEDIUM', '["Математик","Алгебр","10-р анги"]', 'user_teacher_001', '2026-03-25T00:34:00.000Z'),
  ('math-10-st-2', 'bank-math-10', 'SHORT_ANSWER', 'Функц', 'f(x) = 2x² функцийн f(3)-ийн утгыг ол.', '[]', '18', 'EASY', '["Математик","Функц","10-р анги"]', 'user_teacher_001', '2026-03-25T00:35:00.000Z'),
  ('math-10-st-3', 'bank-math-10', 'SHORT_ANSWER', 'Геометр', 'Талбай нь 36 см² квадратын талын уртыг бич.', '[]', '6 см', 'MEDIUM', '["Математик","Геометр","10-р анги"]', 'user_teacher_001', '2026-03-25T00:36:00.000Z'),
  ('math-10-st-4', 'bank-math-10', 'SHORT_ANSWER', 'Тригонометр', 'sin 30° + cos 60° нийлбэрийг ол.', '[]', '1', 'MEDIUM', '["Математик","Тригонометр","10-р анги"]', 'user_teacher_001', '2026-03-25T00:37:00.000Z'),
  ('math-10-st-5', 'bank-math-10', 'SHORT_ANSWER', 'Логарифм', 'log10 1000 хэд вэ?', '[]', '3', 'MEDIUM', '["Математик","Логарифм","10-р анги"]', 'user_teacher_001', '2026-03-25T00:38:00.000Z'),
  ('math-10-st-6', 'bank-math-10', 'SHORT_ANSWER', 'Статистик', '5, 7, 7, 8, 10 өгөгдлийн медианыг ол.', '[]', '7', 'MEDIUM', '["Математик","Статистик","10-р анги"]', 'user_teacher_001', '2026-03-25T00:39:00.000Z'),
  ('math-10-st-7', 'bank-math-10', 'SHORT_ANSWER', 'Магадлал', '10 улаан, 5 цэнхэр бөмбөгтэй уутнаас нэг бөмбөг авахад цэнхэр гарах магадлалыг бутархайгаар бич.', '[]', '1/3', 'MEDIUM', '["Математик","Магадлал","10-р анги"]', 'user_teacher_001', '2026-03-25T00:40:00.000Z'),
  ('math-10-st-8', 'bank-math-10', 'SHORT_ANSWER', 'Вектор', 'A(1,2), B(4,6) бол AB векторын координатыг ол.', '[]', '(3,4)', 'MEDIUM', '["Математик","Вектор","10-р анги"]', 'user_teacher_001', '2026-03-25T00:41:00.000Z'),
  ('math-10-img-1', 'bank-math-10', 'IMAGE_UPLOAD', 'Алгебр', 'x² + 7x + 10 = 0 тэгшитгэлийг бодож, алхамтай нооргийн зургаа оруул.', '[]', 'x = -5, x = -2', 'HARD', '["Математик","Алгебр","10-р анги"]', 'user_teacher_001', '2026-03-25T00:42:00.000Z'),
  ('math-10-img-2', 'bank-math-10', 'IMAGE_UPLOAD', 'Геометр', 'Пифагорын теоремоор катет 6, 8 үед гипотенузыг олж, зурагтай тайлбарласан хуудсаа оруул.', '[]', '10', 'HARD', '["Математик","Геометр","10-р анги"]', 'user_teacher_001', '2026-03-25T00:43:00.000Z'),
  ('math-10-img-3', 'bank-math-10', 'IMAGE_UPLOAD', 'Функц', 'y = -x² + 4x + 5 параболын оройг олж, графикийн ноорог зурсан зургаа оруул.', '[]', 'Орой нь (2, 9)', 'HARD', '["Математик","Функц","10-р анги"]', 'user_teacher_001', '2026-03-25T00:44:00.000Z'),
  ('math-10-img-4', 'bank-math-10', 'IMAGE_UPLOAD', 'Тригонометр', 'sin θ = 3/5 үед cos θ-г олох бодолтын зургаа оруул.', '[]', '4/5', 'HARD', '["Математик","Тригонометр","10-р анги"]', 'user_teacher_001', '2026-03-25T00:45:00.000Z'),
  ('math-10-img-5', 'bank-math-10', 'IMAGE_UPLOAD', 'Статистик', 'Өгөгдөл: 2, 3, 3, 5, 7, 7, 7, 9. Дундаж, медиан, моодыг олсон хүснэгтээ зураг болгон оруул.', '[]', 'Дундаж 5.375, медиан 6, моод 7', 'HARD', '["Математик","Статистик","10-р анги"]', 'user_teacher_001', '2026-03-25T00:46:00.000Z'),
  ('math-10-img-6', 'bank-math-10', 'IMAGE_UPLOAD', 'Процент', '120,000 төгрөгийн үнийн 15%-ийн хямдрал бодсон ноорог зургаа оруул.', '[]', '18,000 төгрөгийн хямдрал, эцсийн үнэ 102,000 төгрөг', 'HARD', '["Математик","Процент","10-р анги"]', 'user_teacher_001', '2026-03-25T00:47:00.000Z'),
  ('math-10-img-7', 'bank-math-10', 'IMAGE_UPLOAD', 'Геометр', 'Тойргийн урт олох томьёог ашиглан r = 7 см үед уртыг бодсон зургаа оруул.', '[]', '14π см', 'HARD', '["Математик","Геометр","10-р анги"]', 'user_teacher_001', '2026-03-25T00:48:00.000Z'),
  ('math-10-img-8', 'bank-math-10', 'IMAGE_UPLOAD', 'Тэгшитгэлийн систем', 'x + y = 7, x - y = 1 системийг бодсон алхамтай хуудсаа зураг болгон оруул.', '[]', 'x = 4, y = 3', 'HARD', '["Математик","Тэгшитгэлийн систем","10-р анги"]', 'user_teacher_001', '2026-03-25T00:49:00.000Z'),
  ('mn-10-tf-1', 'bank-mn-10', 'TRUE_FALSE', 'Үг зүй', 'Нэр үг нь юм, үзэгдэл, хүнийг нэрлэдэг ай юм.', '["Үнэн","Худал"]', 'Үнэн', 'EASY', '["Монгол хэл","Үг зүй","10-р анги"]', 'user_teacher_001', '2026-03-25T01:00:00.000Z'),
  ('mn-10-tf-2', 'bank-mn-10', 'TRUE_FALSE', 'Өгүүлбэр зүй', 'Өгүүлбэр заавал нэг л үгтэй байна.', '["Үнэн","Худал"]', 'Худал', 'EASY', '["Монгол хэл","Өгүүлбэр зүй","10-р анги"]', 'user_teacher_001', '2026-03-25T01:01:00.000Z'),
  ('mn-10-tf-3', 'bank-mn-10', 'TRUE_FALSE', 'Найруулга', 'Албан бичгийн найруулгад товч, тодорхой хэллэг чухал.', '["Үнэн","Худал"]', 'Үнэн', 'EASY', '["Монгол хэл","Найруулга","10-р анги"]', 'user_teacher_001', '2026-03-25T01:02:00.000Z'),
  ('mn-10-tf-4', 'bank-mn-10', 'TRUE_FALSE', 'Уншлага', 'Гол санаа нь эхийн хамгийн жижиг баримт мэдээлэл юм.', '["Үнэн","Худал"]', 'Худал', 'EASY', '["Монгол хэл","Уншлага","10-р анги"]', 'user_teacher_001', '2026-03-25T01:03:00.000Z'),
  ('mn-10-tf-5', 'bank-mn-10', 'TRUE_FALSE', 'Үг бүтэх ёс', 'Үгийн язгуур нь үгийн үндсэн утгыг илэрхийлдэг.', '["Үнэн","Худал"]', 'Үнэн', 'EASY', '["Монгол хэл","Үг бүтэх ёс","10-р анги"]', 'user_teacher_001', '2026-03-25T01:04:00.000Z'),
  ('mn-10-tf-6', 'bank-mn-10', 'TRUE_FALSE', 'Цэг таслал', 'Асуух өгүүлбэрийн төгсгөлд цэг тавина.', '["Үнэн","Худал"]', 'Худал', 'EASY', '["Монгол хэл","Цэг таслал","10-р анги"]', 'user_teacher_001', '2026-03-25T01:05:00.000Z'),
  ('mn-10-tf-7', 'bank-mn-10', 'TRUE_FALSE', 'Эхийн бүтэц', 'Эх нь оршил, гол хэсэг, төгсгөлтэй байж болно.', '["Үнэн","Худал"]', 'Үнэн', 'EASY', '["Монгол хэл","Эхийн бүтэц","10-р анги"]', 'user_teacher_001', '2026-03-25T01:06:00.000Z'),
  ('mn-10-tf-8', 'bank-mn-10', 'TRUE_FALSE', 'Утга зүй', 'Эсрэг утгатай үгсийг ойролцоо утгатай үг гэдэг.', '["Үнэн","Худал"]', 'Худал', 'EASY', '["Монгол хэл","Утга зүй","10-р анги"]', 'user_teacher_001', '2026-03-25T01:07:00.000Z'),
  ('mn-10-tf-9', 'bank-mn-10', 'TRUE_FALSE', 'Яруу найраг', 'Уран дүрслэл нь зохиолын илэрхийллийг баяжуулдаг.', '["Үнэн","Худал"]', 'Үнэн', 'EASY', '["Монгол хэл","Яруу найраг","10-р анги"]', 'user_teacher_001', '2026-03-25T01:08:00.000Z'),
  ('mn-10-tf-10', 'bank-mn-10', 'TRUE_FALSE', 'Ярианы соёл', 'Сонсогчийг үл тоосон өнгө аястай ярих нь зөв харилцаа мөн.', '["Үнэн","Худал"]', 'Худал', 'EASY', '["Монгол хэл","Ярианы соёл","10-р анги"]', 'user_teacher_001', '2026-03-25T01:09:00.000Z'),
  ('mn-10-mc-1', 'bank-mn-10', 'MCQ', 'Үг зүй', 'Дараах үгсээс нэр үгийг ол.', '["сайхан","гүйх","ном","улаан"]', 'ном', 'EASY', '["Монгол хэл","Үг зүй","10-р анги"]', 'user_teacher_001', '2026-03-25T01:10:00.000Z'),
  ('mn-10-mc-2', 'bank-mn-10', 'MCQ', 'Үг зүй', 'Дараах үгсээс үйл үгийг ол.', '["инээх","өндөр","цаас","шинэ"]', 'инээх', 'EASY', '["Монгол хэл","Үг зүй","10-р анги"]', 'user_teacher_001', '2026-03-25T01:11:00.000Z'),
  ('mn-10-mc-3', 'bank-mn-10', 'MCQ', 'Өгүүлбэр зүй', 'Эзэн биегүй өгүүлбэр аль нь вэ?', '["Би ном уншив.","Гадаа салхилж байна.","Эгч хоол хийв.","Багш тайлбарлав."]', 'Гадаа салхилж байна.', 'MEDIUM', '["Монгол хэл","Өгүүлбэр зүй","10-р анги"]', 'user_teacher_001', '2026-03-25T01:12:00.000Z'),
  ('mn-10-mc-4', 'bank-mn-10', 'MCQ', 'Цэг таслал', 'Холбох үгээр холбогдсон зэрэгцсэн өгүүлбэрийн хооронд ихэвчлэн ямар тэмдэг тавих вэ?', '["Таслал","Цэг","Асуултын тэмдэг","Хашилт"]', 'Таслал', 'MEDIUM', '["Монгол хэл","Цэг таслал","10-р анги"]', 'user_teacher_001', '2026-03-25T01:13:00.000Z'),
  ('mn-10-mc-5', 'bank-mn-10', 'MCQ', 'Найруулга', 'Албан бичгийн хэлэнд хамгийн тохиромжтой үг хэллэг аль нь вэ?', '["ёстой мундаг","алга урвуулахын зуур","шаардлагатай гэж үзэв","хөөрхөн санагдлаа"]', 'шаардлагатай гэж үзэв', 'MEDIUM', '["Монгол хэл","Найруулга","10-р анги"]', 'user_teacher_001', '2026-03-25T01:14:00.000Z'),
  ('mn-10-mc-6', 'bank-mn-10', 'MCQ', 'Уншлага', 'Эхийн гол санааг тодорхойлохдоо юуг илүү анхаарах вэ?', '["Нэг үгийг давтах","Зохиогчийн үндсэн хэлэх гэсэн санаа","Зөвхөн эхний өгүүлбэр","Зөвхөн сүүлийн өгүүлбэр"]', 'Зохиогчийн үндсэн хэлэх гэсэн санаа', 'MEDIUM', '["Монгол хэл","Уншлага","10-р анги"]', 'user_teacher_001', '2026-03-25T01:15:00.000Z'),
  ('mn-10-mc-7', 'bank-mn-10', 'MCQ', 'Утга зүй', '"Сэргэлэн" үгийн ойролцоо утгатай үгийг ол.', '["залхуу","ухаалаг","будлиантай","ганцаардмал"]', 'ухаалаг', 'MEDIUM', '["Монгол хэл","Утга зүй","10-р анги"]', 'user_teacher_001', '2026-03-25T01:16:00.000Z'),
  ('mn-10-mc-8', 'bank-mn-10', 'MCQ', 'Утга зүй', '"Өргөн" үгийн эсрэг утгатай үгийг ол.', '["өндөр","нарийн","зузаан","урт"]', 'нарийн', 'MEDIUM', '["Монгол хэл","Утга зүй","10-р анги"]', 'user_teacher_001', '2026-03-25T01:17:00.000Z'),
  ('mn-10-mc-9', 'bank-mn-10', 'MCQ', 'Үг бүтэх ёс', '"Номхон" үгийн язгуур аль нь вэ?', '["ном","номх","хон","номхон"]', 'номх', 'MEDIUM', '["Монгол хэл","Үг бүтэх ёс","10-р анги"]', 'user_teacher_001', '2026-03-25T01:18:00.000Z'),
  ('mn-10-mc-10', 'bank-mn-10', 'MCQ', 'Найруулга', 'Хэн нэгэнд хүсэлт тавьж буй өгүүлбэрт аль өнгө аяс тохирох вэ?', '["зандрах","хүндэтгэсэн","шоолсон","хайхрамжгүй"]', 'хүндэтгэсэн', 'MEDIUM', '["Монгол хэл","Найруулга","10-р анги"]', 'user_teacher_001', '2026-03-25T01:19:00.000Z'),
  ('mn-10-mc-11', 'bank-mn-10', 'MCQ', 'Эхийн бүтэц', 'Эхийн төгсгөл хэсэгт ихэвчлэн юу байна вэ?', '["Жишээ баримт","Гол санааны дүгнэлт","Сэдвийн нэр","Зохиогчийн намтар"]', 'Гол санааны дүгнэлт', 'MEDIUM', '["Монгол хэл","Эхийн бүтэц","10-р анги"]', 'user_teacher_001', '2026-03-25T01:20:00.000Z'),
  ('mn-10-mc-12', 'bank-mn-10', 'MCQ', 'Яруу найраг', '"Салхи исгэрнэ" илэрхийлэлд ямар дүрслэх хэрэглүүр ажиглагдах вэ?', '["Тоо баримт","Хүншүүлэл","Эшлэл","Товчлол"]', 'Хүншүүлэл', 'MEDIUM', '["Монгол хэл","Яруу найраг","10-р анги"]', 'user_teacher_001', '2026-03-25T01:21:00.000Z'),
  ('mn-10-mc-13', 'bank-mn-10', 'MCQ', 'Эхийн уялдаа', 'Эхийн өгүүлбэрүүдийн уялдаа холбоог хангахад юу чухал вэ?', '["Тасралтгүй урт өгүүлбэр","Холбох үг ба логик дараалал","Зөвхөн адил үг давтах","Хашилтыг олон хэрэглэх"]', 'Холбох үг ба логик дараалал', 'MEDIUM', '["Монгол хэл","Эхийн уялдаа","10-р анги"]', 'user_teacher_001', '2026-03-25T01:22:00.000Z'),
  ('mn-10-mc-14', 'bank-mn-10', 'MCQ', 'Ярианы соёл', 'Нийтийн өмнө ярихдаа хамгийн түрүүнд юуг анхаарах вэ?', '["Хэт хурдан ярих","Сонсогчид ойлгомжтой илэрхийлэх","Гараа үргэлж хөдөлгөх","Өндөр дуугаар тасралтгүй ярих"]', 'Сонсогчид ойлгомжтой илэрхийлэх', 'MEDIUM', '["Монгол хэл","Ярианы соёл","10-р анги"]', 'user_teacher_001', '2026-03-25T01:23:00.000Z'),
  ('mn-10-mc-15', 'bank-mn-10', 'MCQ', 'Цэг таслал', 'Сэтгэлийн өнгө аястай өгүүлбэрийн төгсгөлд аль тэмдэг тавих нь тохиромжтой вэ?', '["Асуултын тэмдэг","Анхаарлын тэмдэг","Таслал","Хос цэг"]', 'Анхаарлын тэмдэг', 'MEDIUM', '["Монгол хэл","Цэг таслал","10-р анги"]', 'user_teacher_001', '2026-03-25T01:24:00.000Z'),
  ('mn-10-mc-16', 'bank-mn-10', 'MCQ', 'Үг зүй', '"Тэд" гэдэг нь ямар аймгийн үг вэ?', '["Нэр үг","Төлөөний үг","Тэмдэг нэр","Тооны нэр"]', 'Төлөөний үг', 'EASY', '["Монгол хэл","Үг зүй","10-р анги"]', 'user_teacher_001', '2026-03-25T01:25:00.000Z'),
  ('mn-10-mc-17', 'bank-mn-10', 'MCQ', 'Уншлага', 'Эхийн дэд санааг олохдоо аль аргыг хэрэглэх нь зөв бэ?', '["Гол санааг орхих","Бүлэг бүрийн тулгуур санааг ялгах","Зөвхөн гарчиг харах","Текстийг цээжлэх"]', 'Бүлэг бүрийн тулгуур санааг ялгах', 'MEDIUM', '["Монгол хэл","Уншлага","10-р анги"]', 'user_teacher_001', '2026-03-25T01:26:00.000Z'),
  ('mn-10-mc-18', 'bank-mn-10', 'MCQ', 'Найруулга', 'Шинжлэх ухааны бичвэрт аль шинж давамгайлах вэ?', '["уянгын","албан ба логик","ярианы","хошин"]', 'албан ба логик', 'MEDIUM', '["Монгол хэл","Найруулга","10-р анги"]', 'user_teacher_001', '2026-03-25T01:27:00.000Z'),
  ('mn-10-mc-19', 'bank-mn-10', 'MCQ', 'Үг бүтэх ёс', '"уншигч" үг нь ямар аргаар бүтсэн бэ?', '["Нийлмэл үг","Дагавраар бүтсэн","Товчилсон үг","Харь үг"]', 'Дагавраар бүтсэн', 'MEDIUM', '["Монгол хэл","Үг бүтэх ёс","10-р анги"]', 'user_teacher_001', '2026-03-25T01:28:00.000Z'),
  ('mn-10-mc-20', 'bank-mn-10', 'MCQ', 'Эхийн бүтэц', 'Оршил хэсгийн гол үүрэг аль нь вэ?', '["Сэдвийг нээх","Дүгнэлт хийх","Жишээг давтах","Эшлэл жагсаах"]', 'Сэдвийг нээх', 'MEDIUM', '["Монгол хэл","Эхийн бүтэц","10-р анги"]', 'user_teacher_001', '2026-03-25T01:29:00.000Z'),
  ('mn-10-mc-21', 'bank-mn-10', 'MCQ', 'Утга зүй', '"Хурдан" үгтэй хамгийн ойролцоо утгатай үгийг ол.', '["удаан","түргэн","том","зөөлөн"]', 'түргэн', 'EASY', '["Монгол хэл","Утга зүй","10-р анги"]', 'user_teacher_001', '2026-03-25T01:30:00.000Z'),
  ('mn-10-mc-22', 'bank-mn-10', 'MCQ', 'Ярианы соёл', 'Мэтгэлцээний үед хамгийн зөв хандлага аль нь вэ?', '["Хүнийг биш санааг шүүмжлэх","Дуугаа өндөрсгөх","Тасалж ярих","Баримтгүй маргах"]', 'Хүнийг биш санааг шүүмжлэх', 'MEDIUM', '["Монгол хэл","Ярианы соёл","10-р анги"]', 'user_teacher_001', '2026-03-25T01:31:00.000Z'),
  ('mn-10-mc-23', 'bank-mn-10', 'MCQ', 'Уран зохиол', 'Зохиолын дүрийн зан чанарыг юу илүү тодруулдаг вэ?', '["Зөвхөн гарчиг","Үйлдэл ба яриа","Хуудасны тоо","Номын өнгө"]', 'Үйлдэл ба яриа', 'MEDIUM', '["Монгол хэл","Уран зохиол","10-р анги"]', 'user_teacher_001', '2026-03-25T01:32:00.000Z'),
  ('mn-10-mc-24', 'bank-mn-10', 'MCQ', 'Найруулга', 'Дараах хэллэгээс ярианы өнгө аяс илүүтэйг нь ол.', '["мэдэгдэж байна","ёстой гоё байна","шийдвэрлэв","шаардлагатай"]', 'ёстой гоё байна', 'MEDIUM', '["Монгол хэл","Найруулга","10-р анги"]', 'user_teacher_001', '2026-03-25T01:33:00.000Z'),
  ('mn-10-st-1', 'bank-mn-10', 'SHORT_ANSWER', 'Үг зүй', '"Ухаантай" үгийг аймгаар нь ангилж бич.', '[]', 'Тэмдэг нэр', 'MEDIUM', '["Монгол хэл","Үг зүй","10-р анги"]', 'user_teacher_001', '2026-03-25T01:34:00.000Z'),
  ('mn-10-st-2', 'bank-mn-10', 'SHORT_ANSWER', 'Цэг таслал', 'Асуух өгүүлбэрийн төгсгөлд тавих тэмдгийг нэрлэ.', '[]', 'Асуултын тэмдэг', 'MEDIUM', '["Монгол хэл","Цэг таслал","10-р анги"]', 'user_teacher_001', '2026-03-25T01:35:00.000Z'),
  ('mn-10-st-3', 'bank-mn-10', 'SHORT_ANSWER', 'Эхийн бүтэц', 'Эхийн 3 үндсэн хэсгийг бич.', '[]', 'Оршил, гол хэсэг, төгсгөл', 'MEDIUM', '["Монгол хэл","Эхийн бүтэц","10-р анги"]', 'user_teacher_001', '2026-03-25T01:36:00.000Z'),
  ('mn-10-st-4', 'bank-mn-10', 'SHORT_ANSWER', 'Утга зүй', '"Эрэлхэг" үгийн ойролцоо утгатай нэг үг бич.', '[]', 'Зоригтой', 'MEDIUM', '["Монгол хэл","Утга зүй","10-р анги"]', 'user_teacher_001', '2026-03-25T01:37:00.000Z'),
  ('mn-10-st-5', 'bank-mn-10', 'SHORT_ANSWER', 'Найруулга', 'Албан бичгийн найруулгын 1 гол шинжийг бич.', '[]', 'Товч, тодорхой', 'MEDIUM', '["Монгол хэл","Найруулга","10-р анги"]', 'user_teacher_001', '2026-03-25T01:38:00.000Z'),
  ('mn-10-st-6', 'bank-mn-10', 'SHORT_ANSWER', 'Яруу найраг', 'Хүншүүллийн нэг жишээ 3-5 үгээр бич.', '[]', 'Салхи дуулна', 'MEDIUM', '["Монгол хэл","Яруу найраг","10-р анги"]', 'user_teacher_001', '2026-03-25T01:39:00.000Z'),
  ('mn-10-st-7', 'bank-mn-10', 'SHORT_ANSWER', 'Ярианы соёл', 'Сонсогчидтой хүндэтгэлтэй харилцахад хэрэгтэй 1 зарчим бич.', '[]', 'Эелдэг үг хэрэглэх', 'MEDIUM', '["Монгол хэл","Ярианы соёл","10-р анги"]', 'user_teacher_001', '2026-03-25T01:40:00.000Z'),
  ('mn-10-st-8', 'bank-mn-10', 'SHORT_ANSWER', 'Уншлага', 'Эхийн гол санааг тодорхойлоход хамгийн чухал 1 зүйл бич.', '[]', 'Зохиогчийн үндсэн санаа', 'MEDIUM', '["Монгол хэл","Уншлага","10-р анги"]', 'user_teacher_001', '2026-03-25T01:41:00.000Z'),
  ('mn-10-img-1', 'bank-mn-10', 'IMAGE_UPLOAD', 'Эхийн бүтэц', 'Өгөгдсөн сэдвээр богино эхийн бүтэц (оршил, гол, төгсгөл)-ийг схемлэн зурж, зургаа оруул.', '[]', '3 хэсэгтэй логик бүтэцтэй схем', 'HARD', '["Монгол хэл","Эхийн бүтэц","10-р анги"]', 'user_teacher_001', '2026-03-25T01:42:00.000Z'),
  ('mn-10-img-2', 'bank-mn-10', 'IMAGE_UPLOAD', 'Найруулга', 'Албан ба ярианы хэлний ялгааг 2 баганат хүснэгтээр бичиж, зургаа оруул.', '[]', 'Албан/ярианы ялгааг жишээтэй хүснэгт', 'HARD', '["Монгол хэл","Найруулга","10-р анги"]', 'user_teacher_001', '2026-03-25T01:43:00.000Z'),
  ('mn-10-img-3', 'bank-mn-10', 'IMAGE_UPLOAD', 'Өгүүлбэр зүй', 'Нэг нийлмэл өгүүлбэр задлан шинжилж, өгүүлбэрийн гишүүдийг тэмдэглэсэн зургаа оруул.', '[]', 'Эзэн, өгүүлэхүүн болон бусад гишүүдийг зөв ялгасан байна', 'HARD', '["Монгол хэл","Өгүүлбэр зүй","10-р анги"]', 'user_teacher_001', '2026-03-25T01:44:00.000Z'),
  ('mn-10-img-4', 'bank-mn-10', 'IMAGE_UPLOAD', 'Цэг таслал', 'Алдаатай 5 өгүүлбэрийг зөв цэг тэмдэгтэй болгож зассан хуудсаа зураг болгон оруул.', '[]', 'Таслал, цэг, асуултын тэмдэг, анхаарлын тэмдэг зөв хэрэглэсэн байх', 'HARD', '["Монгол хэл","Цэг таслал","10-р анги"]', 'user_teacher_001', '2026-03-25T01:45:00.000Z'),
  ('mn-10-img-5', 'bank-mn-10', 'IMAGE_UPLOAD', 'Утга зүй', 'Ойролцоо утгатай ба эсрэг утгатай үгсийн mind map хийж зургаа оруул.', '[]', '2 салаа ангилалтай, жишээ үгстэй зураг', 'HARD', '["Монгол хэл","Утга зүй","10-р анги"]', 'user_teacher_001', '2026-03-25T01:46:00.000Z'),
  ('mn-10-img-6', 'bank-mn-10', 'IMAGE_UPLOAD', 'Яруу найраг', 'Өгөгдсөн шүлгийн мөрүүдээс дүрслэх хэрэглүүрийг ялгаж тэмдэглэсэн хуудсаа зураг болгон оруул.', '[]', 'Хүншүүлэл, зүйрлэл, адилтгал зэргийг зөв ялгасан байх', 'HARD', '["Монгол хэл","Яруу найраг","10-р анги"]', 'user_teacher_001', '2026-03-25T01:47:00.000Z'),
  ('mn-10-img-7', 'bank-mn-10', 'IMAGE_UPLOAD', 'Уншлага', 'Нэг эхийн гол санаа ба дэд санааг concept map хэлбэрээр зурж, зургаа оруул.', '[]', 'Гол санаа төвд, дэд санаанууд салбарласан бүтэцтэй', 'HARD', '["Монгол хэл","Уншлага","10-р анги"]', 'user_teacher_001', '2026-03-25T01:48:00.000Z'),
  ('mn-10-img-8', 'bank-mn-10', 'IMAGE_UPLOAD', 'Ярианы соёл', 'Нийтийн өмнө ярих 5 зөвлөмжийг постер маягаар зохион байгуулж, зургаа оруул.', '[]', 'Ойлгомжтой постер, 5 зөвлөмжтэй', 'HARD', '["Монгол хэл","Ярианы соёл","10-р анги"]', 'user_teacher_001', '2026-03-25T01:49:00.000Z'),
  ('physics-10-tf-1', 'bank-physics-10', 'TRUE_FALSE', 'Механик', 'Хурд нь хугацааны нэгжид туулсан замыг илэрхийлнэ.', '["Үнэн","Худал"]', 'Үнэн', 'EASY', '["Физик","Механик","10-р анги"]', 'user_teacher_001', '2026-03-25T02:00:00.000Z'),
  ('physics-10-tf-2', 'bank-physics-10', 'TRUE_FALSE', 'Механик', 'Хөдөлгөөнгүй биед үйлчлэх хүчний нийлбэр заавал 0-ээс их байна.', '["Үнэн","Худал"]', 'Худал', 'EASY', '["Физик","Механик","10-р анги"]', 'user_teacher_001', '2026-03-25T02:01:00.000Z'),
  ('physics-10-tf-3', 'bank-physics-10', 'TRUE_FALSE', 'Динамик', 'Ньютоны 2-р хуульд F = ma гэж илэрхийлдэг.', '["Үнэн","Худал"]', 'Үнэн', 'EASY', '["Физик","Динамик","10-р анги"]', 'user_teacher_001', '2026-03-25T02:02:00.000Z'),
  ('physics-10-tf-4', 'bank-physics-10', 'TRUE_FALSE', 'Энерги', 'Потенциал энерги зөвхөн хөдөлж буй биед л байдаг.', '["Үнэн","Худал"]', 'Худал', 'EASY', '["Физик","Энерги","10-р анги"]', 'user_teacher_001', '2026-03-25T02:03:00.000Z'),
  ('physics-10-tf-5', 'bank-physics-10', 'TRUE_FALSE', 'Даралт', 'Даралт нь нэгж талбайд үйлчлэх хүч юм.', '["Үнэн","Худал"]', 'Үнэн', 'EASY', '["Физик","Даралт","10-р анги"]', 'user_teacher_001', '2026-03-25T02:04:00.000Z'),
  ('physics-10-tf-6', 'bank-physics-10', 'TRUE_FALSE', 'Дулаан', 'Температур ба дулаан хэмжээ хоёр ижил ойлголт мөн.', '["Үнэн","Худал"]', 'Худал', 'EASY', '["Физик","Дулаан","10-р анги"]', 'user_teacher_001', '2026-03-25T02:05:00.000Z'),
  ('physics-10-tf-7', 'bank-physics-10', 'TRUE_FALSE', 'Цахилгаан', 'Цэнэгийн нэгж нь кулон мөн.', '["Үнэн","Худал"]', 'Үнэн', 'EASY', '["Физик","Цахилгаан","10-р анги"]', 'user_teacher_001', '2026-03-25T02:06:00.000Z'),
  ('physics-10-tf-8', 'bank-physics-10', 'TRUE_FALSE', 'Гэрэл', 'Гэрэл вакуумд тархахгүй.', '["Үнэн","Худал"]', 'Худал', 'EASY', '["Физик","Гэрэл","10-р анги"]', 'user_teacher_001', '2026-03-25T02:07:00.000Z'),
  ('physics-10-tf-9', 'bank-physics-10', 'TRUE_FALSE', 'Долгион', 'Дуу бол долгион хэлбэрийн үзэгдэл мөн.', '["Үнэн","Худал"]', 'Үнэн', 'EASY', '["Физик","Долгион","10-р анги"]', 'user_teacher_001', '2026-03-25T02:08:00.000Z'),
  ('physics-10-tf-10', 'bank-physics-10', 'TRUE_FALSE', 'Нягт', 'Нягтын нэгжийг Ньютон гэж авна.', '["Үнэн","Худал"]', 'Худал', 'EASY', '["Физик","Нягт","10-р анги"]', 'user_teacher_001', '2026-03-25T02:09:00.000Z'),
  ('physics-10-mc-1', 'bank-physics-10', 'MCQ', 'Механик', 'Хурдны SI нэгж аль нь вэ?', '["м","м/с","кг","Н"]', 'м/с', 'EASY', '["Физик","Механик","10-р анги"]', 'user_teacher_001', '2026-03-25T02:10:00.000Z'),
  ('physics-10-mc-2', 'bank-physics-10', 'MCQ', 'Механик', '5 м/с хурдтай биет 4 секундэд ямар зам туулах вэ?', '["9 м","20 м","25 м","40 м"]', '20 м', 'EASY', '["Физик","Механик","10-р анги"]', 'user_teacher_001', '2026-03-25T02:11:00.000Z'),
  ('physics-10-mc-3', 'bank-physics-10', 'MCQ', 'Динамик', '2 кг масстай биед 6 Н хүч үйлчлэхэд хурдатгал хэд вэ?', '["2 м/с²","3 м/с²","4 м/с²","12 м/с²"]', '3 м/с²', 'MEDIUM', '["Физик","Динамик","10-р анги"]', 'user_teacher_001', '2026-03-25T02:12:00.000Z'),
  ('physics-10-mc-4', 'bank-physics-10', 'MCQ', 'Динамик', 'Ньютоны 1-р хууль ямар ойлголттой хамгийн холбоотой вэ?', '["Даралт","Инерци","Чадал","Нягт"]', 'Инерци', 'MEDIUM', '["Физик","Динамик","10-р анги"]', 'user_teacher_001', '2026-03-25T02:13:00.000Z'),
  ('physics-10-mc-5', 'bank-physics-10', 'MCQ', 'Энерги', 'Кинетик энергийн томьёо аль нь вэ?', '["mgh","mv","1/2 mv²","F/s"]', '1/2 mv²', 'MEDIUM', '["Физик","Энерги","10-р анги"]', 'user_teacher_001', '2026-03-25T02:14:00.000Z'),
  ('physics-10-mc-6', 'bank-physics-10', 'MCQ', 'Энерги', 'Потенциал энергийн томьёо аль нь вэ?', '["mgh","ma","Pt","qU"]', 'mgh', 'MEDIUM', '["Физик","Энерги","10-р анги"]', 'user_teacher_001', '2026-03-25T02:15:00.000Z'),
  ('physics-10-mc-7', 'bank-physics-10', 'MCQ', 'Ажил, чадал', 'Ажлын SI нэгж аль нь вэ?', '["Ватт","Жоуль","Ньютон","Паскаль"]', 'Жоуль', 'MEDIUM', '["Физик","Ажил, чадал","10-р анги"]', 'user_teacher_001', '2026-03-25T02:16:00.000Z'),
  ('physics-10-mc-8', 'bank-physics-10', 'MCQ', 'Ажил, чадал', 'Чадлын SI нэгж аль нь вэ?', '["Жоуль","Ньютон","Ватт","Кулон"]', 'Ватт', 'MEDIUM', '["Физик","Ажил, чадал","10-р анги"]', 'user_teacher_001', '2026-03-25T02:17:00.000Z'),
  ('physics-10-mc-9', 'bank-physics-10', 'MCQ', 'Даралт', 'Даралтын томьёо аль нь вэ?', '["p = F/S","p = m/V","p = A/t","p = qU"]', 'p = F/S', 'MEDIUM', '["Физик","Даралт","10-р анги"]', 'user_teacher_001', '2026-03-25T02:18:00.000Z'),
  ('physics-10-mc-10', 'bank-physics-10', 'MCQ', 'Нягт', 'Нягтын томьёо аль нь вэ?', '["ρ = m/V","ρ = F/S","ρ = A/t","ρ = q/t"]', 'ρ = m/V', 'MEDIUM', '["Физик","Нягт","10-р анги"]', 'user_teacher_001', '2026-03-25T02:19:00.000Z'),
  ('physics-10-mc-11', 'bank-physics-10', 'MCQ', 'Дулаан', 'Температурыг хэмжих багаж аль нь вэ?', '["Динамометр","Амперметр","Термометр","Барометр"]', 'Термометр', 'EASY', '["Физик","Дулаан","10-р анги"]', 'user_teacher_001', '2026-03-25T02:20:00.000Z'),
  ('physics-10-mc-12', 'bank-physics-10', 'MCQ', 'Дулаан', 'Ус 100°C-т ямар төлөв шилжилтэд ордог вэ? (ердийн даралтад)', '["Хөлдөнө","Буцална","Нягтарна","Тэлэхгүй"]', 'Буцална', 'MEDIUM', '["Физик","Дулаан","10-р анги"]', 'user_teacher_001', '2026-03-25T02:21:00.000Z'),
  ('physics-10-mc-13', 'bank-physics-10', 'MCQ', 'Цахилгаан', 'Цахилгаан гүйдлийн SI нэгж аль нь вэ?', '["Вольт","Ампер","Ом","Ватт"]', 'Ампер', 'MEDIUM', '["Физик","Цахилгаан","10-р анги"]', 'user_teacher_001', '2026-03-25T02:22:00.000Z'),
  ('physics-10-mc-14', 'bank-physics-10', 'MCQ', 'Цахилгаан', 'Хүчдэлийн SI нэгж аль нь вэ?', '["Ом","Ампер","Вольт","Тесла"]', 'Вольт', 'MEDIUM', '["Физик","Цахилгаан","10-р анги"]', 'user_teacher_001', '2026-03-25T02:23:00.000Z'),
  ('physics-10-mc-15', 'bank-physics-10', 'MCQ', 'Цахилгаан', 'Эсэргүүцлийн SI нэгж аль нь вэ?', '["Ом","Вольт","Кулон","Герц"]', 'Ом', 'MEDIUM', '["Физик","Цахилгаан","10-р анги"]', 'user_teacher_001', '2026-03-25T02:24:00.000Z'),
  ('physics-10-mc-16', 'bank-physics-10', 'MCQ', 'Хэлхээ', 'Цуваа хэлхээнд гүйдэл ямар байдаг вэ?', '["Салбар бүрт өөр","Бүх хэсэгт ижил","Зөвхөн эх үүсвэр дээр их","Тэг"]', 'Бүх хэсэгт ижил', 'MEDIUM', '["Физик","Хэлхээ","10-р анги"]', 'user_teacher_001', '2026-03-25T02:25:00.000Z'),
  ('physics-10-mc-17', 'bank-physics-10', 'MCQ', 'Соронзон орон', 'Соронзын ижил туйлууд хоорондоо яах вэ?', '["Таталцана","Түлхэлцэнэ","Нөлөөгүй","Ууршина"]', 'Түлхэлцэнэ', 'EASY', '["Физик","Соронзон орон","10-р анги"]', 'user_teacher_001', '2026-03-25T02:26:00.000Z'),
  ('physics-10-mc-18', 'bank-physics-10', 'MCQ', 'Гэрэл', 'Гэрлийн хурд вакуумд ойролцоогоор хэд вэ?', '["3×10⁵ м/с","3×10⁶ м/с","3×10⁷ м/с","3×10⁸ м/с"]', '3×10⁸ м/с', 'MEDIUM', '["Физик","Гэрэл","10-р анги"]', 'user_teacher_001', '2026-03-25T02:27:00.000Z'),
  ('physics-10-mc-19', 'bank-physics-10', 'MCQ', 'Гэрэл', 'Тэгш гадаргуу дээр гэрэл ойх үед тусах өнцөг ба ойх өнцөг ямар хамааралтай вэ?', '["Тусах өнцөг их","Ойх өнцөг их","Хоёулаа тэнцүү","Хамааралгүй"]', 'Хоёулаа тэнцүү', 'MEDIUM', '["Физик","Гэрэл","10-р анги"]', 'user_teacher_001', '2026-03-25T02:28:00.000Z'),
  ('physics-10-mc-20', 'bank-physics-10', 'MCQ', 'Долгион', 'Дуу вакуумд тархах уу?', '["Тийм","Үгүй","Заримдаа","Зөвхөн хүйтэнд"]', 'Үгүй', 'EASY', '["Физик","Долгион","10-р анги"]', 'user_teacher_001', '2026-03-25T02:29:00.000Z'),
  ('physics-10-mc-21', 'bank-physics-10', 'MCQ', 'Механик', 'Массийн SI нэгж аль нь вэ?', '["Н","Па","кг","м/с"]', 'кг', 'EASY', '["Физик","Механик","10-р анги"]', 'user_teacher_001', '2026-03-25T02:30:00.000Z'),
  ('physics-10-mc-22', 'bank-physics-10', 'MCQ', 'Хүч', 'Хүчний SI нэгж аль нь вэ?', '["Ж","Н","Вт","Па"]', 'Н', 'EASY', '["Физик","Хүч","10-р анги"]', 'user_teacher_001', '2026-03-25T02:31:00.000Z'),
  ('physics-10-mc-23', 'bank-physics-10', 'MCQ', 'Импульс', 'Импульсийг илэрхийлэх хамгийн тохиромжтой хэлбэр аль нь вэ?', '["p = mv","p = ma","p = F/S","p = A/t"]', 'p = mv', 'MEDIUM', '["Физик","Импульс","10-р анги"]', 'user_teacher_001', '2026-03-25T02:32:00.000Z'),
  ('physics-10-mc-24', 'bank-physics-10', 'MCQ', 'Даралт', 'Шингэн дотор гүн ихсэхэд даралт яах вэ?', '["Буурна","Өөрчлөгдөхгүй","Ихсэнэ","Тэг болно"]', 'Ихсэнэ', 'MEDIUM', '["Физик","Даралт","10-р анги"]', 'user_teacher_001', '2026-03-25T02:33:00.000Z'),
  ('physics-10-st-1', 'bank-physics-10', 'SHORT_ANSWER', 'Механик', '10 м/с хурдтай биет 3 секундэд туулах замыг ол.', '[]', '30 м', 'EASY', '["Физик","Механик","10-р анги"]', 'user_teacher_001', '2026-03-25T02:34:00.000Z'),
  ('physics-10-st-2', 'bank-physics-10', 'SHORT_ANSWER', 'Динамик', '4 кг масстай биет 8 Н хүчний нөлөөгөөр хэдэн м/с² хурдатгал авах вэ?', '[]', '2 м/с²', 'MEDIUM', '["Физик","Динамик","10-р анги"]', 'user_teacher_001', '2026-03-25T02:35:00.000Z'),
  ('physics-10-st-3', 'bank-physics-10', 'SHORT_ANSWER', 'Энерги', 'm = 2 кг, h = 5 м үед g = 10 м/с² гэж үзвэл потенциал энергийг ол.', '[]', '100 Ж', 'MEDIUM', '["Физик","Энерги","10-р анги"]', 'user_teacher_001', '2026-03-25T02:36:00.000Z'),
  ('physics-10-st-4', 'bank-physics-10', 'SHORT_ANSWER', 'Даралт', '20 Н хүч 4 м² талбайд жигд үйлчлэхэд даралт хэд вэ?', '[]', '5 Па', 'MEDIUM', '["Физик","Даралт","10-р анги"]', 'user_teacher_001', '2026-03-25T02:37:00.000Z'),
  ('physics-10-st-5', 'bank-physics-10', 'SHORT_ANSWER', 'Цахилгаан', 'I = 2 A, R = 5 Ω үед хүчдэл хэд вэ?', '[]', '10 В', 'MEDIUM', '["Физик","Цахилгаан","10-р анги"]', 'user_teacher_001', '2026-03-25T02:38:00.000Z'),
  ('physics-10-st-6', 'bank-physics-10', 'SHORT_ANSWER', 'Нягт', 'm = 400 г, V = 200 см³ биеийн нягтыг г/см³-ээр ол.', '[]', '2 г/см³', 'MEDIUM', '["Физик","Нягт","10-р анги"]', 'user_teacher_001', '2026-03-25T02:39:00.000Z'),
  ('physics-10-st-7', 'bank-physics-10', 'SHORT_ANSWER', 'Ажил', '10 Н хүчээр биетийг 3 м зөөвөрлөв. Хийсэн ажлыг ол.', '[]', '30 Ж', 'MEDIUM', '["Физик","Ажил","10-р анги"]', 'user_teacher_001', '2026-03-25T02:40:00.000Z'),
  ('physics-10-st-8', 'bank-physics-10', 'SHORT_ANSWER', 'Чадал', '60 Ж ажил 5 секундэд хийгдвэл чадал хэд вэ?', '[]', '12 Вт', 'MEDIUM', '["Физик","Чадал","10-р анги"]', 'user_teacher_001', '2026-03-25T02:41:00.000Z'),
  ('physics-10-img-1', 'bank-physics-10', 'IMAGE_UPLOAD', 'Механик', 'Хугацаа-хурдны графикаас туулсан замыг олох бодолтын зургаа оруул.', '[]', 'Графикийн доорх талбайгаар замыг тооцсон байх', 'HARD', '["Физик","Механик","10-р анги"]', 'user_teacher_001', '2026-03-25T02:42:00.000Z'),
  ('physics-10-img-2', 'bank-physics-10', 'IMAGE_UPLOAD', 'Динамик', 'Чөлөөт биетийн диаграм зурж, хүчнүүдийг тэмдэглэсэн хуудсаа зураг болгон оруул.', '[]', 'mg, N, F гэх мэт хүчнүүд зөв чиглэлтэй байна', 'HARD', '["Физик","Динамик","10-р анги"]', 'user_teacher_001', '2026-03-25T02:43:00.000Z'),
  ('physics-10-img-3', 'bank-physics-10', 'IMAGE_UPLOAD', 'Энерги', 'Кинетик ба потенциал энергийн шилжилтийг тайлбарласан схем зурж, зургаа оруул.', '[]', 'Өндөр өөрчлөгдөхөд Ep, Ek хэрхэн солигдохыг зөв үзүүлсэн байх', 'HARD', '["Физик","Энерги","10-р анги"]', 'user_teacher_001', '2026-03-25T02:44:00.000Z'),
  ('physics-10-img-4', 'bank-physics-10', 'IMAGE_UPLOAD', 'Даралт', 'Шингэний даралт гүнээс хамаардагийг харуулах туршилтын схем зурж, зургаа оруул.', '[]', 'Гүн ихсэхэд даралт ихсэхийг схемээр илэрхийлсэн байх', 'HARD', '["Физик","Даралт","10-р анги"]', 'user_teacher_001', '2026-03-25T02:45:00.000Z'),
  ('physics-10-img-5', 'bank-physics-10', 'IMAGE_UPLOAD', 'Цахилгаан', 'Зай, унтраалга, чийдэнтэй энгийн хэлхээний схем зурж, зургаа оруул.', '[]', 'Хаалттай хэлхээний зөв тэмдэглэгээтэй зураг', 'HARD', '["Физик","Цахилгаан","10-р анги"]', 'user_teacher_001', '2026-03-25T02:46:00.000Z'),
  ('physics-10-img-6', 'bank-physics-10', 'IMAGE_UPLOAD', 'Гэрэл', 'Ойх хуулийг харуулсан цацрагийн зураг зурж, тусах ба ойх өнцгийг тэмдэглэсэн зургаа оруул.', '[]', 'Тусах өнцөг = ойх өнцөг гэж зөв тэмдэглэсэн байх', 'HARD', '["Физик","Гэрэл","10-р анги"]', 'user_teacher_001', '2026-03-25T02:47:00.000Z'),
  ('physics-10-img-7', 'bank-physics-10', 'IMAGE_UPLOAD', 'Долгион', 'Долгионы урт, далайц, тэнцвэрийн байрлалыг тэмдэглэсэн долгионы ноорог зурж оруул.', '[]', 'λ, A, тэнцвэрийн шугам зөв тэмдэглэсэн байх', 'HARD', '["Физик","Долгион","10-р анги"]', 'user_teacher_001', '2026-03-25T02:48:00.000Z'),
  ('physics-10-img-8', 'bank-physics-10', 'IMAGE_UPLOAD', 'Нягт', 'Нягтыг олох туршилтын алхмуудыг зурагт тайлбар хэлбэрээр үзүүлж, зургаа оруул.', '[]', 'Масс хэмжих, эзлэхүүн тодорхойлох, ρ = m/V алхмууд орсон байх', 'HARD', '["Физик","Нягт","10-р анги"]', 'user_teacher_001', '2026-03-25T02:49:00.000Z');

INSERT INTO exams (id, class_id, title, description, mode, status, duration_minutes, created_by_id, created_at)
VALUES
  ('exam_001', 'class_001', '10-р ангийн физикийн жишиг шалгалт', 'Физикийн банкнаас seed хийсэн demo шалгалт', 'SCHEDULED', 'PUBLISHED', 60, 'user_teacher_001', '2026-03-25T03:00:00.000Z');

INSERT INTO exam_questions (id, exam_id, question_id, points, display_order)
VALUES
  ('exam_question_001', 'exam_001', 'physics-10-tf-1', 1, 1),
  ('exam_question_002', 'exam_001', 'physics-10-tf-2', 1, 2),
  ('exam_question_003', 'exam_001', 'physics-10-tf-3', 1, 3),
  ('exam_question_004', 'exam_001', 'physics-10-tf-4', 1, 4),
  ('exam_question_005', 'exam_001', 'physics-10-tf-5', 1, 5),
  ('exam_question_006', 'exam_001', 'physics-10-tf-6', 1, 6),
  ('exam_question_007', 'exam_001', 'physics-10-tf-7', 1, 7),
  ('exam_question_008', 'exam_001', 'physics-10-tf-8', 1, 8),
  ('exam_question_009', 'exam_001', 'physics-10-tf-9', 1, 9),
  ('exam_question_010', 'exam_001', 'physics-10-tf-10', 1, 10);

